﻿{
  "host_browser": "http://localhost:36912/",
  "api_version": "https://api.gologin.com/",
  "default_id": "142",
  "key_name": "TEST",
  "size_x": 600,
  "size_y": 600,
  "mute": false,
  "api_mail": "",
  "api_proxy": "",
  "api_gologin": "eyJhbGciOiJIUzI1NiIsInR5cCI6IkpXVCJ9.eyJzdWIiOiI2NDllZjlhOThjYzJmMmQzN2Y2YWExNzMiLCJ0eXBlIjoiZGV2Iiwiand0aWQiOiI2NDllZjljNDM1Y2Y1ZTQyNTdhNWM3NWIifQ.mV1fRPMDABSVQcr3bfuSIfanCFLPoxItMEDtbc6OrCQ",
  "group_id": "",
  "bot_id": "",
  "YTMax": 600,
  "SFMax": 600,
  "MailMax": 100
}
