{
  "host_browser": "http://localhost:36912/",
  "api_version": "https://api.gologin.com/",
  "default_id": "142",
  "key_name": "TEST",
  "size_x": 516,
  "size_y": 230,
  "mute": false,
  "api_mail": "",
  "api_proxy": "",
  "api_gologin": "eyJhbGciOiJIUzI1NiIsInR5cCI6IkpXVCJ9.eyJzdWIiOiI2NGE4ZTZkYWIzMjE3OTdmZmJiMjhiZWMiLCJ0eXBlIjoiZGV2Iiwiand0aWQiOiI2NGE4ZTZmNGIzMjE3OTBiYmNiMjk0OTUifQ.l0giTpCKDemsWRthu28q-jTc0BV5lA2_kiKTkflsPiw",
  "group_id": "",
  "bot_id": "",
  "YTMax": 200,
  "SFMax": 200,
  "MailMax": 100
}
