{
  "money_balance": "#new-money-ballans",
  "point": "#contentwrapper > table > tbody > tr:nth-child(6) > td.right-ref > span:nth-child(2)",
  "total_yt": "#contentwrapper > div:nth-child(2) > table > tbody > tr:nth-child(5) > td:nth-child(9)",
  "total_sf": "#contentwrapper > div:nth-child(2) > table > tbody > tr:nth-child(1) > td:nth-child(9)",
  "total_letter": "#contentwrapper > div:nth-child(2) > table > tbody > tr:nth-child(3) > td:nth-child(2) > font > font",
  "witdraw_amount": "#contentwrapper > table > tbody > tr:nth-child(29) > td:nth-child(2) > span.status > font > font > font",
  "seft_text": "div> span.serf-text",
  "ads_start": "div> span:nth-child(1)",
  "surf_start": "div > table > tbody > tr > td > div > a ",
  "open_window": "div> div > div > span.go-link-youtube",
  "open_window_surf": "start-yes-serf",
  "error_video": "div  > div > span.youtube-error",
  "time": "#tmr",
  "click_play": "#start-video",
  "time_2": "#timer-tr-block > td:nth-child(2) > span",
  "video_error": "#movie_player > div.ytp-error > div.ytp-error-content > div.ytp-error-icon-container",
  "timer_surf": "#timer_inp",
  "ok_surf": "body > table > tbody > tr > td:nth-child(2) > a"
}