<?xml version="1.0"?>
<doc>
    <assembly>
        <name>CaptchaSharp</name>
    </assembly>
    <members>
        <member name="T:CaptchaSharp.CaptchaService">
            <summary>Abstract class for a generic captcha solving service.</summary>
        </member>
        <member name="P:CaptchaSharp.CaptchaService.Timeout">
            <summary>The maximum allowed time for captcha completion.
            If this <see cref="T:System.TimeSpan"/> is exceeded, a <see cref="T:System.TimeoutException"/> is thrown.</summary>
        </member>
        <member name="P:CaptchaSharp.CaptchaService.PollingInterval">
            <summary>The interval at which the service will be polled for a solution.</summary>
        </member>
        <member name="P:CaptchaSharp.CaptchaService.Capabilities">
            <summary>Returns a list of flags that denote the capabilities of the service in terms of additional 
            parameters to provide when solving text or image based captchas.</summary>
        </member>
        <member name="M:CaptchaSharp.CaptchaService.GetBalanceAsync(System.Threading.CancellationToken)">
            <summary>Retrieves the remaining balance in USD as a <see cref="T:System.Double"/>.</summary>
            <exception cref="T:CaptchaSharp.Exceptions.BadAuthenticationException">Thrown when the provided credentials are invalid.</exception>
        </member>
        <member name="M:CaptchaSharp.CaptchaService.SolveTextCaptchaAsync(System.String,CaptchaSharp.Models.TextCaptchaOptions,System.Threading.CancellationToken)">
            <summary>Solves a text based captcha.</summary>
            
            <param name="text">The captcha question.</param>
            
            <param name="options">
            Any additional options like the language of the question.
            If null they will be disregarded.
            </param>
            
            <param name="cancellationToken">A token that can be used to cancel the async task.</param>
            
            <returns>
            A <see cref="T:CaptchaSharp.Models.StringResponse"/> containing the captcha id to be used with 
            <see cref="M:CaptchaSharp.CaptchaService.ReportSolution(System.Int64,CaptchaSharp.Enums.CaptchaType,System.Boolean,System.Threading.CancellationToken)"/> and the 
            captcha solution as plaintext.
            </returns>
            
            <exception cref="T:CaptchaSharp.Exceptions.TaskCreationException"></exception>
            <exception cref="T:CaptchaSharp.Exceptions.TaskSolutionException"></exception>
            <exception cref="T:System.TimeoutException"></exception>
        </member>
        <member name="M:CaptchaSharp.CaptchaService.SolveImageCaptchaAsync(System.String,CaptchaSharp.Models.ImageCaptchaOptions,System.Threading.CancellationToken)">
            <summary>Solves an image based captcha.</summary>
            
            <param name="base64">The captcha image encoded as a base64 string.</param>
            
            <param name="options">
            Any additional options like whether the captcha is case sensitive.
            If null they will be disregarded.
            </param>
            
            <param name="cancellationToken">A token that can be used to cancel the async task.</param>
            
            /// <returns>
            A <see cref="T:CaptchaSharp.Models.StringResponse"/> containing the captcha id to be used with 
            <see cref="M:CaptchaSharp.CaptchaService.ReportSolution(System.Int64,CaptchaSharp.Enums.CaptchaType,System.Boolean,System.Threading.CancellationToken)"/> and the 
            captcha solution as plaintext.
            </returns>
            
            <exception cref="T:CaptchaSharp.Exceptions.TaskCreationException"></exception>
            <exception cref="T:CaptchaSharp.Exceptions.TaskSolutionException"></exception>
            <exception cref="T:System.TimeoutException"></exception>
        </member>
        <member name="M:CaptchaSharp.CaptchaService.SolveRecaptchaV2Async(System.String,System.String,System.Boolean,CaptchaSharp.Models.Proxy,System.Threading.CancellationToken)">
            <summary>Solves a Google ReCaptcha V2.</summary>
            
            <param name="siteKey">The site key, can be found in the webpage source or by sniffing requests.</param>
            <param name="siteUrl">The URL where the captcha appears.</param>
            <param name="invisible">Whether the captcha is not in a clickable format on the page.</param>
            
            <param name="proxy">
            A proxy that can be used by the captcha service to fetch the captcha challenge from the same IP you are 
            going to send it from when you submit the form. It can help bypass some blocks. If null, the service will 
            fetch the captcha without using a proxy.
            </param>
            
            <param name="cancellationToken">A token that can be used to cancel the async task.</param>
            
            <returns>
            A <see cref="T:CaptchaSharp.Models.StringResponse"/> containing the captcha id to be used with 
            <see cref="M:CaptchaSharp.CaptchaService.ReportSolution(System.Int64,CaptchaSharp.Enums.CaptchaType,System.Boolean,System.Threading.CancellationToken)"/> and the 
            captcha solution as plaintext.
            </returns>
            
            <exception cref="T:CaptchaSharp.Exceptions.TaskCreationException"></exception>
            <exception cref="T:CaptchaSharp.Exceptions.TaskSolutionException"></exception>
            <exception cref="T:System.TimeoutException"></exception>
        </member>
        <member name="M:CaptchaSharp.CaptchaService.SolveRecaptchaV2Async(System.String,System.String,System.String,System.Boolean,System.Boolean,CaptchaSharp.Models.Proxy,System.Threading.CancellationToken)">
            <summary>Solves a Google ReCaptcha V2.</summary>
            
            <param name="siteKey">The site key, can be found in the webpage source or by sniffing requests.</param>
            <param name="siteUrl">The URL where the captcha appears.</param>
            <param name="dataS">The value of the 's' or 'data-s' field (currently only for Google services).</param>
            <param name="enterprise">Whether this is an Enterprise ReCaptcha V2.</param>
            <param name="invisible">Whether the captcha is not in a clickable format on the page.</param>
            
            <param name="proxy">
            A proxy that can be used by the captcha service to fetch the captcha challenge from the same IP you are 
            going to send it from when you submit the form. It can help bypass some blocks. If null, the service will 
            fetch the captcha without using a proxy.
            </param>
            
            <param name="cancellationToken">A token that can be used to cancel the async task.</param>
            
            <returns>
            A <see cref="T:CaptchaSharp.Models.StringResponse"/> containing the captcha id to be used with 
            <see cref="M:CaptchaSharp.CaptchaService.ReportSolution(System.Int64,CaptchaSharp.Enums.CaptchaType,System.Boolean,System.Threading.CancellationToken)"/> and the 
            captcha solution as plaintext.
            </returns>
            
            <exception cref="T:CaptchaSharp.Exceptions.TaskCreationException"></exception>
            <exception cref="T:CaptchaSharp.Exceptions.TaskSolutionException"></exception>
            <exception cref="T:System.TimeoutException"></exception>
        </member>
        <member name="M:CaptchaSharp.CaptchaService.SolveRecaptchaV3Async(System.String,System.String,System.String,System.Single,CaptchaSharp.Models.Proxy,System.Threading.CancellationToken)">
            <summary>Solves a Google ReCaptcha V3.</summary>
            
            <param name="siteKey">The site key, can be found in the webpage source or by sniffing requests.</param>
            <param name="siteUrl">The URL where the captcha appears.</param>
            <param name="action">The action to execute. Can be found in the webpage source or in a js file.</param>
            <param name="minScore">The minimum human-to-robot score necessary to solve the challenge.</param>
            
            <param name="proxy">
            A proxy that can be used by the captcha service to fetch the captcha challenge from the same IP you are 
            going to send it from when you submit the form. It can help bypass some blocks. If null, the service will 
            fetch the captcha without using a proxy.
            </param>
            
            <param name="cancellationToken">A token that can be used to cancel the async task.</param>
            
            <returns>
            A <see cref="T:CaptchaSharp.Models.StringResponse"/> containing the captcha id to be used with 
            <see cref="M:CaptchaSharp.CaptchaService.ReportSolution(System.Int64,CaptchaSharp.Enums.CaptchaType,System.Boolean,System.Threading.CancellationToken)"/> and the 
            captcha solution as plaintext.
            </returns>
            
            <exception cref="T:CaptchaSharp.Exceptions.TaskCreationException"></exception>
            <exception cref="T:CaptchaSharp.Exceptions.TaskSolutionException"></exception>
            <exception cref="T:System.TimeoutException"></exception>
        </member>
        <member name="M:CaptchaSharp.CaptchaService.SolveRecaptchaV3Async(System.String,System.String,System.String,System.Single,System.Boolean,CaptchaSharp.Models.Proxy,System.Threading.CancellationToken)">
            <summary>Solves a Google ReCaptcha V3.</summary>
            
            <param name="siteKey">The site key, can be found in the webpage source or by sniffing requests.</param>
            <param name="siteUrl">The URL where the captcha appears.</param>
            <param name="action">The action to execute. Can be found in the webpage source or in a js file.</param>
            <param name="minScore">The minimum human-to-robot score necessary to solve the challenge.</param>
            <param name="enterprise">Whether this is an Enterprise ReCaptcha V3.</param>
            <param name="proxy">
            A proxy that can be used by the captcha service to fetch the captcha challenge from the same IP you are 
            going to send it from when you submit the form. It can help bypass some blocks. If null, the service will 
            fetch the captcha without using a proxy.
            </param>
            
            <param name="cancellationToken">A token that can be used to cancel the async task.</param>
            
            <returns>
            A <see cref="T:CaptchaSharp.Models.StringResponse"/> containing the captcha id to be used with 
            <see cref="M:CaptchaSharp.CaptchaService.ReportSolution(System.Int64,CaptchaSharp.Enums.CaptchaType,System.Boolean,System.Threading.CancellationToken)"/> and the 
            captcha solution as plaintext.
            </returns>
            
            <exception cref="T:CaptchaSharp.Exceptions.TaskCreationException"></exception>
            <exception cref="T:CaptchaSharp.Exceptions.TaskSolutionException"></exception>
            <exception cref="T:System.TimeoutException"></exception>
        </member>
        <member name="M:CaptchaSharp.CaptchaService.SolveFuncaptchaAsync(System.String,System.String,System.String,System.Boolean,CaptchaSharp.Models.Proxy,System.Threading.CancellationToken)">
            <summary>Solves a FunCaptcha.</summary>
            
            <param name="publicKey">
            Can be found inside data-pkey parameter of funcaptcha's div element or inside an input element 
            with name <code>fc-token</code>. Just extract the key indicated after pk from the value of this element.
            </param>
            
            <param name="serviceUrl">
            Can be found in the <code>fc-token</code>, that is a value of the <code>surl</code> parameter.
            </param>
            
            <param name="siteUrl">The URL where the captcha appears.</param>
            
            <param name="noJS">
            Whether to solve the challenge without JavaScript enabled. This is not supported by every service and 
            it provides a partial token.
            </param>
            
            <param name="proxy">
            A proxy that can be used by the captcha service to fetch the captcha challenge from the same IP you are 
            going to send it from when you submit the form. It can help bypass some blocks. If null, the service will 
            fetch the captcha without using a proxy.
            </param>
            
            <param name="cancellationToken">A token that can be used to cancel the async task.</param>
            
            <returns>
            A <see cref="T:CaptchaSharp.Models.StringResponse"/> containing the captcha id to be used with 
            <see cref="M:CaptchaSharp.CaptchaService.ReportSolution(System.Int64,CaptchaSharp.Enums.CaptchaType,System.Boolean,System.Threading.CancellationToken)"/> and the 
            captcha solution as plaintext.
            </returns>
            
            <exception cref="T:CaptchaSharp.Exceptions.TaskCreationException"></exception>
            <exception cref="T:CaptchaSharp.Exceptions.TaskSolutionException"></exception>
            <exception cref="T:System.TimeoutException"></exception>
        </member>
        <member name="M:CaptchaSharp.CaptchaService.SolveHCaptchaAsync(System.String,System.String,CaptchaSharp.Models.Proxy,System.Threading.CancellationToken)">
            <summary>Solves a HCaptcha.</summary>
            
            <param name="siteKey">The site key, can be found in the webpage source or by sniffing requests.</param>
            <param name="siteUrl">The URL where the captcha appears.</param>
            
            <param name="proxy">
            A proxy that can be used by the captcha service to fetch the captcha challenge from the same IP you are 
            going to send it from when you submit the form. It can help bypass some blocks. If null, the service will 
            fetch the captcha without using a proxy.
            </param>
            
            <param name="cancellationToken">A token that can be used to cancel the async task.</param>
            
            <returns>
            A <see cref="T:CaptchaSharp.Models.StringResponse"/> containing the captcha id to be used with 
            <see cref="M:CaptchaSharp.CaptchaService.ReportSolution(System.Int64,CaptchaSharp.Enums.CaptchaType,System.Boolean,System.Threading.CancellationToken)"/> and the 
            captcha solution as plaintext.
            </returns>
            
            <exception cref="T:CaptchaSharp.Exceptions.TaskCreationException"></exception>
            <exception cref="T:CaptchaSharp.Exceptions.TaskSolutionException"></exception>
            <exception cref="T:System.TimeoutException"></exception>
        </member>
        <member name="M:CaptchaSharp.CaptchaService.SolveKeyCaptchaAsync(System.String,System.String,System.String,System.String,System.String,CaptchaSharp.Models.Proxy,System.Threading.CancellationToken)">
            <summary>Solves a KeyCaptcha.</summary>
            
            <param name="userId">s_s_c_user_id parameter in the webpage source code.</param>
            <param name="sessionId">s_s_c_session_id parameter in the webpage source code.</param>
            <param name="webServerSign1">s_s_c_web_server_sign parameter in the webpage source code.</param>
            <param name="webServerSign2">s_s_c_web_server_sign2 parameter in the webpage source code.</param>
            <param name="siteUrl">The URL where the captcha appears.</param>
            
            <param name="proxy">
            A proxy that can be used by the captcha service to fetch the captcha challenge from the same IP you are 
            going to send it from when you submit the form. It can help bypass some blocks. If null, the service will 
            fetch the captcha without using a proxy.
            </param>
            
            <param name="cancellationToken">A token that can be used to cancel the async task.</param>
            
            <returns>
            A <see cref="T:CaptchaSharp.Models.StringResponse"/> containing the captcha id to be used with 
            <see cref="M:CaptchaSharp.CaptchaService.ReportSolution(System.Int64,CaptchaSharp.Enums.CaptchaType,System.Boolean,System.Threading.CancellationToken)"/> and the 
            captcha solution as plaintext.
            </returns>
            
            <exception cref="T:CaptchaSharp.Exceptions.TaskCreationException"></exception>
            <exception cref="T:CaptchaSharp.Exceptions.TaskSolutionException"></exception>
            <exception cref="T:System.TimeoutException"></exception>
        </member>
        <member name="M:CaptchaSharp.CaptchaService.SolveGeeTestAsync(System.String,System.String,System.String,System.String,CaptchaSharp.Models.Proxy,System.Threading.CancellationToken)">
            <summary>Solves a GeeTest captcha.</summary>
            
            <param name="gt">The static public key assigned to the website found in the webpage source code.</param>
            <param name="challenge">The dynamic challenge key found in the webpage source code.</param>
            <param name="apiServer">The api_server parameter found in the webpage source code.</param>
            <param name="siteUrl">The URL where the captcha appears.</param>
            
            <param name="proxy">
            A proxy that can be used by the captcha service to fetch the captcha challenge from the same IP you are 
            going to send it from when you submit the form. It can help bypass some blocks. If null, the service will 
            fetch the captcha without using a proxy.
            </param>
            
            <param name="cancellationToken">A token that can be used to cancel the async task.</param>
            
            <returns>
            A <see cref="T:CaptchaSharp.Models.GeeTestResponse"/> containing the captcha id to be used with 
            <see cref="M:CaptchaSharp.CaptchaService.ReportSolution(System.Int64,CaptchaSharp.Enums.CaptchaType,System.Boolean,System.Threading.CancellationToken)"/> and three solution parameters 
            (Challenge, Validate and SecCode) that you will need to provide when you submit the form.
            </returns>
            
            <exception cref="T:CaptchaSharp.Exceptions.TaskCreationException"></exception>
            <exception cref="T:CaptchaSharp.Exceptions.TaskSolutionException"></exception>
            <exception cref="T:System.TimeoutException"></exception>
        </member>
        <member name="M:CaptchaSharp.CaptchaService.SolveCapyAsync(System.String,System.String,CaptchaSharp.Models.Proxy,System.Threading.CancellationToken)">
            <summary>Solves a Capy captcha.</summary>
            
            <param name="siteKey">The site key, can be found in the webpage source or by sniffing requests.</param>
            <param name="siteUrl">The URL where the captcha appears.</param>
            
            <param name="proxy">
            A proxy that can be used by the captcha service to fetch the captcha challenge from the same IP you are 
            going to send it from when you submit the form. It can help bypass some blocks. If null, the service will 
            fetch the captcha without using a proxy.
            </param>
            
            <param name="cancellationToken">A token that can be used to cancel the async task.</param>
            
            <returns>
            A <see cref="T:CaptchaSharp.Models.StringResponse"/> containing the captcha id to be used with 
            <see cref="M:CaptchaSharp.CaptchaService.ReportSolution(System.Int64,CaptchaSharp.Enums.CaptchaType,System.Boolean,System.Threading.CancellationToken)"/> and the 
            captcha solution as plaintext.
            </returns>
            
            <exception cref="T:CaptchaSharp.Exceptions.TaskCreationException"></exception>
            <exception cref="T:CaptchaSharp.Exceptions.TaskSolutionException"></exception>
            <exception cref="T:System.TimeoutException"></exception>
        </member>
        <member name="M:CaptchaSharp.CaptchaService.ReportSolution(System.Int64,CaptchaSharp.Enums.CaptchaType,System.Boolean,System.Threading.CancellationToken)">
            <summary>
            Reports a captcha solution as good or bad to the service.
            Mostly used for reporting bad solutions for image captchas and get the funds back.
            Make sure to not abuse this system or the service might ban you from accessing it!
            </summary>
            
            <param name="id">The ID of the captcha that you got inside your <see cref="T:CaptchaSharp.Models.CaptchaResponse"/>.</param>
            <param name="type">The type of captcha you want to report.</param>
            
            <param name="correct">
            If true, the captcha will be reported as correctly solved (this is not supported by most services).
            </param>
            
            <param name="cancellationToken">A token that can be used to cancel the async task.</param>
            
            <exception cref="T:CaptchaSharp.Exceptions.TaskReportException"></exception>
        </member>
        <member name="M:CaptchaSharp.CaptchaService.TryGetResult(CaptchaSharp.Models.CaptchaTask,System.Threading.CancellationToken)">
            <summary></summary>
        </member>
        <member name="M:CaptchaSharp.CaptchaService.CheckResult(CaptchaSharp.Models.CaptchaTask,System.Threading.CancellationToken)">
            <summary></summary>
        </member>
        <member name="T:CaptchaSharp.Enums.CaptchaLanguage">
            <summary></summary>
        </member>
        <member name="F:CaptchaSharp.Enums.CaptchaLanguage.NotSpecified">
            <summary></summary>
        </member>
        <member name="F:CaptchaSharp.Enums.CaptchaLanguage.English">
            <summary></summary>
        </member>
        <member name="F:CaptchaSharp.Enums.CaptchaLanguage.Russian">
            <summary></summary>
        </member>
        <member name="F:CaptchaSharp.Enums.CaptchaLanguage.Spanish">
            <summary></summary>
        </member>
        <member name="F:CaptchaSharp.Enums.CaptchaLanguage.Portuguese">
            <summary></summary>
        </member>
        <member name="F:CaptchaSharp.Enums.CaptchaLanguage.Ukrainian">
            <summary></summary>
        </member>
        <member name="F:CaptchaSharp.Enums.CaptchaLanguage.Vietnamese">
            <summary></summary>
        </member>
        <member name="F:CaptchaSharp.Enums.CaptchaLanguage.French">
            <summary></summary>
        </member>
        <member name="F:CaptchaSharp.Enums.CaptchaLanguage.Indonesian">
            <summary></summary>
        </member>
        <member name="F:CaptchaSharp.Enums.CaptchaLanguage.Arab">
            <summary></summary>
        </member>
        <member name="F:CaptchaSharp.Enums.CaptchaLanguage.Japanese">
            <summary></summary>
        </member>
        <member name="F:CaptchaSharp.Enums.CaptchaLanguage.Turkish">
            <summary></summary>
        </member>
        <member name="F:CaptchaSharp.Enums.CaptchaLanguage.German">
            <summary></summary>
        </member>
        <member name="F:CaptchaSharp.Enums.CaptchaLanguage.Chinese">
            <summary></summary>
        </member>
        <member name="F:CaptchaSharp.Enums.CaptchaLanguage.Philippine">
            <summary></summary>
        </member>
        <member name="F:CaptchaSharp.Enums.CaptchaLanguage.Polish">
            <summary></summary>
        </member>
        <member name="F:CaptchaSharp.Enums.CaptchaLanguage.Thai">
            <summary></summary>
        </member>
        <member name="F:CaptchaSharp.Enums.CaptchaLanguage.Italian">
            <summary></summary>
        </member>
        <member name="F:CaptchaSharp.Enums.CaptchaLanguage.Dutch">
            <summary></summary>
        </member>
        <member name="F:CaptchaSharp.Enums.CaptchaLanguage.Slovak">
            <summary></summary>
        </member>
        <member name="F:CaptchaSharp.Enums.CaptchaLanguage.Bulgarian">
            <summary></summary>
        </member>
        <member name="F:CaptchaSharp.Enums.CaptchaLanguage.Romanian">
            <summary></summary>
        </member>
        <member name="F:CaptchaSharp.Enums.CaptchaLanguage.Hungarian">
            <summary></summary>
        </member>
        <member name="F:CaptchaSharp.Enums.CaptchaLanguage.Korean">
            <summary></summary>
        </member>
        <member name="F:CaptchaSharp.Enums.CaptchaLanguage.Czech">
            <summary></summary>
        </member>
        <member name="F:CaptchaSharp.Enums.CaptchaLanguage.Azerbaijani">
            <summary></summary>
        </member>
        <member name="F:CaptchaSharp.Enums.CaptchaLanguage.Persian">
            <summary></summary>
        </member>
        <member name="F:CaptchaSharp.Enums.CaptchaLanguage.Bengali">
            <summary></summary>
        </member>
        <member name="F:CaptchaSharp.Enums.CaptchaLanguage.Greek">
            <summary></summary>
        </member>
        <member name="F:CaptchaSharp.Enums.CaptchaLanguage.Lithuanian">
            <summary></summary>
        </member>
        <member name="F:CaptchaSharp.Enums.CaptchaLanguage.Latvian">
            <summary></summary>
        </member>
        <member name="F:CaptchaSharp.Enums.CaptchaLanguage.Swedish">
            <summary></summary>
        </member>
        <member name="F:CaptchaSharp.Enums.CaptchaLanguage.Serbian">
            <summary></summary>
        </member>
        <member name="F:CaptchaSharp.Enums.CaptchaLanguage.Croatian">
            <summary></summary>
        </member>
        <member name="F:CaptchaSharp.Enums.CaptchaLanguage.Hebrew">
            <summary></summary>
        </member>
        <member name="F:CaptchaSharp.Enums.CaptchaLanguage.Hindi">
            <summary></summary>
        </member>
        <member name="F:CaptchaSharp.Enums.CaptchaLanguage.Norwegian">
            <summary></summary>
        </member>
        <member name="F:CaptchaSharp.Enums.CaptchaLanguage.Slovenian">
            <summary></summary>
        </member>
        <member name="F:CaptchaSharp.Enums.CaptchaLanguage.Danish">
            <summary></summary>
        </member>
        <member name="F:CaptchaSharp.Enums.CaptchaLanguage.Uzbek">
            <summary></summary>
        </member>
        <member name="F:CaptchaSharp.Enums.CaptchaLanguage.Finnish">
            <summary></summary>
        </member>
        <member name="F:CaptchaSharp.Enums.CaptchaLanguage.Catalan">
            <summary></summary>
        </member>
        <member name="F:CaptchaSharp.Enums.CaptchaLanguage.Georgian">
            <summary></summary>
        </member>
        <member name="F:CaptchaSharp.Enums.CaptchaLanguage.Malay">
            <summary></summary>
        </member>
        <member name="F:CaptchaSharp.Enums.CaptchaLanguage.Telugu">
            <summary></summary>
        </member>
        <member name="F:CaptchaSharp.Enums.CaptchaLanguage.Estonian">
            <summary></summary>
        </member>
        <member name="F:CaptchaSharp.Enums.CaptchaLanguage.Malayalam">
            <summary></summary>
        </member>
        <member name="F:CaptchaSharp.Enums.CaptchaLanguage.Belorussian">
            <summary></summary>
        </member>
        <member name="F:CaptchaSharp.Enums.CaptchaLanguage.Kazakh">
            <summary></summary>
        </member>
        <member name="F:CaptchaSharp.Enums.CaptchaLanguage.Marathi">
            <summary></summary>
        </member>
        <member name="F:CaptchaSharp.Enums.CaptchaLanguage.Nepali">
            <summary></summary>
        </member>
        <member name="F:CaptchaSharp.Enums.CaptchaLanguage.Burmese">
            <summary></summary>
        </member>
        <member name="F:CaptchaSharp.Enums.CaptchaLanguage.Bosnian">
            <summary></summary>
        </member>
        <member name="F:CaptchaSharp.Enums.CaptchaLanguage.Armenian">
            <summary></summary>
        </member>
        <member name="F:CaptchaSharp.Enums.CaptchaLanguage.Macedonian">
            <summary></summary>
        </member>
        <member name="F:CaptchaSharp.Enums.CaptchaLanguage.Punjabi">
            <summary></summary>
        </member>
        <member name="T:CaptchaSharp.Enums.CaptchaLanguageGroup">
            <summary></summary>
        </member>
        <member name="F:CaptchaSharp.Enums.CaptchaLanguageGroup.NotSpecified">
            <summary></summary>
        </member>
        <member name="F:CaptchaSharp.Enums.CaptchaLanguageGroup.Cyrillic">
            <summary></summary>
        </member>
        <member name="F:CaptchaSharp.Enums.CaptchaLanguageGroup.Latin">
            <summary></summary>
        </member>
        <member name="T:CaptchaSharp.Enums.CaptchaServiceCapabilities">
            <summary></summary>
        </member>
        <member name="F:CaptchaSharp.Enums.CaptchaServiceCapabilities.None">
            <summary></summary>
        </member>
        <member name="F:CaptchaSharp.Enums.CaptchaServiceCapabilities.LanguageGroup">
            <summary></summary>
        </member>
        <member name="F:CaptchaSharp.Enums.CaptchaServiceCapabilities.Language">
            <summary></summary>
        </member>
        <member name="F:CaptchaSharp.Enums.CaptchaServiceCapabilities.Phrases">
            <summary></summary>
        </member>
        <member name="F:CaptchaSharp.Enums.CaptchaServiceCapabilities.CaseSensitivity">
            <summary></summary>
        </member>
        <member name="F:CaptchaSharp.Enums.CaptchaServiceCapabilities.CharacterSets">
            <summary></summary>
        </member>
        <member name="F:CaptchaSharp.Enums.CaptchaServiceCapabilities.Calculations">
            <summary></summary>
        </member>
        <member name="F:CaptchaSharp.Enums.CaptchaServiceCapabilities.MinLength">
            <summary></summary>
        </member>
        <member name="F:CaptchaSharp.Enums.CaptchaServiceCapabilities.MaxLength">
            <summary></summary>
        </member>
        <member name="F:CaptchaSharp.Enums.CaptchaServiceCapabilities.Instructions">
            <summary></summary>
        </member>
        <member name="T:CaptchaSharp.Enums.CaptchaType">
            <summary></summary>
        </member>
        <member name="F:CaptchaSharp.Enums.CaptchaType.TextCaptcha">
            <summary>A captcha that is a plaintext question.</summary>
        </member>
        <member name="F:CaptchaSharp.Enums.CaptchaType.ImageCaptcha">
            <summary>A captcha that is made by an image with some text to recognize.</summary>
        </member>
        <member name="F:CaptchaSharp.Enums.CaptchaType.FunCaptcha">
            <summary>A type of puzzle captcha.</summary>
        </member>
        <member name="F:CaptchaSharp.Enums.CaptchaType.ReCaptchaV2">
            <summary>The Google ReCaptcha v2.</summary>
        </member>
        <member name="F:CaptchaSharp.Enums.CaptchaType.ReCaptchaV3">
            <summary>The Google ReCaptcha v3.</summary>
        </member>
        <member name="F:CaptchaSharp.Enums.CaptchaType.HCaptcha">
            <summary>A type of token captcha.</summary>
        </member>
        <member name="F:CaptchaSharp.Enums.CaptchaType.KeyCaptcha">
            <summary>A type of token captcha.</summary>
        </member>
        <member name="F:CaptchaSharp.Enums.CaptchaType.GeeTest">
            <summary>A type of challenge based captcha.</summary>
        </member>
        <member name="F:CaptchaSharp.Enums.CaptchaType.Capy">
            <summary>A type of token captcha.</summary>
        </member>
        <member name="T:CaptchaSharp.Enums.CharacterSet">
            <summary></summary>
        </member>
        <member name="F:CaptchaSharp.Enums.CharacterSet.NotSpecified">
            <summary></summary>
        </member>
        <member name="F:CaptchaSharp.Enums.CharacterSet.OnlyNumbers">
            <summary></summary>
        </member>
        <member name="F:CaptchaSharp.Enums.CharacterSet.OnlyLetters">
            <summary></summary>
        </member>
        <member name="F:CaptchaSharp.Enums.CharacterSet.OnlyNumbersOrOnlyLetters">
            <summary></summary>
        </member>
        <member name="F:CaptchaSharp.Enums.CharacterSet.BothNumbersAndLetters">
            <summary></summary>
        </member>
        <member name="T:CaptchaSharp.Enums.ProxyType">
            <summary></summary>
        </member>
        <member name="F:CaptchaSharp.Enums.ProxyType.HTTP">
            <summary></summary>
        </member>
        <member name="F:CaptchaSharp.Enums.ProxyType.HTTPS">
            <summary></summary>
        </member>
        <member name="F:CaptchaSharp.Enums.ProxyType.SOCKS4">
            <summary></summary>
        </member>
        <member name="F:CaptchaSharp.Enums.ProxyType.SOCKS5">
            <summary></summary>
        </member>
        <member name="T:CaptchaSharp.Exceptions.BadAuthenticationException">
            <summary>An exception that is thrown when the credentials are invalid.</summary>
        </member>
        <member name="M:CaptchaSharp.Exceptions.BadAuthenticationException.#ctor">
            <summary></summary>
        </member>
        <member name="M:CaptchaSharp.Exceptions.BadAuthenticationException.#ctor(System.String)">
            <summary></summary>
        </member>
        <member name="M:CaptchaSharp.Exceptions.BadAuthenticationException.#ctor(System.String,System.Exception)">
            <summary></summary>
        </member>
        <member name="T:CaptchaSharp.Exceptions.TaskCreationException">
            <summary>An exception that is thrown when a captcha task could not be created on the remote server.</summary>
        </member>
        <member name="M:CaptchaSharp.Exceptions.TaskCreationException.#ctor">
            <summary></summary>
        </member>
        <member name="M:CaptchaSharp.Exceptions.TaskCreationException.#ctor(System.String)">
            <summary></summary>
        </member>
        <member name="M:CaptchaSharp.Exceptions.TaskCreationException.#ctor(System.String,System.Exception)">
            <summary></summary>
        </member>
        <member name="T:CaptchaSharp.Exceptions.TaskReportException">
            <summary>An exception that is thrown when a captcha failed to be reported as wrong.</summary>
        </member>
        <member name="M:CaptchaSharp.Exceptions.TaskReportException.#ctor">
            <summary></summary>
        </member>
        <member name="M:CaptchaSharp.Exceptions.TaskReportException.#ctor(System.String)">
            <summary></summary>
        </member>
        <member name="M:CaptchaSharp.Exceptions.TaskReportException.#ctor(System.String,System.Exception)">
            <summary></summary>
        </member>
        <member name="T:CaptchaSharp.Exceptions.TaskSolutionException">
            <summary>An exception that is thrown when a captcha could not be solved.</summary>
        </member>
        <member name="M:CaptchaSharp.Exceptions.TaskSolutionException.#ctor">
            <summary></summary>
        </member>
        <member name="M:CaptchaSharp.Exceptions.TaskSolutionException.#ctor(System.String)">
            <summary></summary>
        </member>
        <member name="M:CaptchaSharp.Exceptions.TaskSolutionException.#ctor(System.String,System.Exception)">
            <summary></summary>
        </member>
        <member name="T:CaptchaSharp.HttpClientExtensions">
            <summary>Extensions for an <see cref="T:System.Net.Http.HttpClient"/>.</summary>
        </member>
        <member name="M:CaptchaSharp.HttpClientExtensions.GetAsync(System.Net.Http.HttpClient,System.String,CaptchaSharp.Models.StringPairCollection,System.Threading.CancellationToken)">
            <summary>Automatically builds a GET query string from a <see cref="T:CaptchaSharp.Models.StringPairCollection"/> 
            and appends it to the provided URL.</summary>
        </member>
        <member name="M:CaptchaSharp.HttpClientExtensions.GetStringAsync(System.Net.Http.HttpClient,System.String,CaptchaSharp.Models.StringPairCollection,System.Threading.CancellationToken)">
            <summary>Automatically builds a GET query string from a <see cref="T:CaptchaSharp.Models.StringPairCollection"/> 
            and appends it to the provided URL.</summary>
            <returns>The <see cref="T:System.Net.Http.HttpResponseMessage"/> content converted to a string.</returns>
        </member>
        <member name="M:CaptchaSharp.HttpClientExtensions.PostAsync(System.Net.Http.HttpClient,System.String,CaptchaSharp.Models.StringPairCollection,System.Threading.CancellationToken,System.String)">
            <summary>Automatically builds a POST query string from a <see cref="T:CaptchaSharp.Models.StringPairCollection"/> 
            using <see cref="P:System.Text.Encoding.UTF8"/> encoding and the provided Content-Type.</summary>
        </member>
        <member name="M:CaptchaSharp.HttpClientExtensions.PostToStringAsync(System.Net.Http.HttpClient,System.String,CaptchaSharp.Models.StringPairCollection,System.Threading.CancellationToken,System.String)">
            <summary>Automatically builds a POST query string from a <see cref="T:CaptchaSharp.Models.StringPairCollection"/> 
            using <see cref="P:System.Text.Encoding.UTF8"/> encoding and the provided Content-Type.</summary>
            <returns>The <see cref="T:System.Net.Http.HttpResponseMessage"/> content converted to a <see cref="T:System.String"/>.</returns>
        </member>
        <member name="M:CaptchaSharp.HttpClientExtensions.PostMultipartToStringAsync(System.Net.Http.HttpClient,System.String,System.Net.Http.MultipartFormDataContent,System.Threading.CancellationToken)">
            <summary>Sends a POST request with the desired <see cref="T:System.Net.Http.MultipartFormDataContent"/> and reads the 
            response as a <see cref="T:System.String"/>.</summary>
            <returns>The <see cref="T:System.Net.Http.HttpResponseMessage"/> content converted to a <see cref="T:System.String"/>.</returns>
        </member>
        <member name="M:CaptchaSharp.HttpClientExtensions.PostJsonToStringAsync``1(System.Net.Http.HttpClient,System.String,``0,System.Threading.CancellationToken,System.Boolean)">
            <summary>Automatically builds a POST json string from a given object using <see cref="P:System.Text.Encoding.UTF8"/> encoding 
            and application/json Content-Type.</summary>
            <returns>The <see cref="T:System.Net.Http.HttpResponseMessage"/> content converted to a <see cref="T:System.String"/>.</returns>
        </member>
        <member name="T:CaptchaSharp.StringExtensions">
            <summary>Extensions for a <see cref="T:System.String"/>.</summary>
        </member>
        <member name="M:CaptchaSharp.StringExtensions.Deserialize``1(System.String)">
            <summary>Deserializes a json string to a given type.</summary>
        </member>
        <member name="M:CaptchaSharp.StringExtensions.SerializeCamelCase``1(``0)">
            <summary>Serializes an object to a json string and converts the property names 
            to a camelCase based convention.</summary>
        </member>
        <member name="M:CaptchaSharp.StringExtensions.SerializeLowerCase``1(``0)">
            <summary>Serializes an object to a json string and converts the property names 
            to a lowercase based convention.</summary>
        </member>
        <member name="T:CaptchaSharp.CaptchaLanguageExtensions">
            <summary>Extensions for a <see cref="T:CaptchaSharp.Enums.CaptchaLanguage"/>.</summary>
        </member>
        <member name="M:CaptchaSharp.CaptchaLanguageExtensions.ToISO6391Code(CaptchaSharp.Enums.CaptchaLanguage)">
            <summary>Converts a <see cref="T:CaptchaSharp.Enums.CaptchaLanguage"/> to an ISO-639-1 country code.</summary>
        </member>
        <member name="T:CaptchaSharp.Models.CaptchaResponse">
            <summary>A generic captcha response.</summary>
        </member>
        <member name="P:CaptchaSharp.Models.CaptchaResponse.Id">
            <summary>The captcha id which is needed to report the solution as bad.</summary>
        </member>
        <member name="P:CaptchaSharp.Models.CaptchaResponse.Time">
            <summary>The time when the solution was received.</summary>
        </member>
        <member name="T:CaptchaSharp.Models.CaptchaTask">
            <summary></summary>
        </member>
        <member name="P:CaptchaSharp.Models.CaptchaTask.CreationDate">
            <summary></summary>
        </member>
        <member name="P:CaptchaSharp.Models.CaptchaTask.Type">
            <summary></summary>
        </member>
        <member name="P:CaptchaSharp.Models.CaptchaTask.Id">
            <summary></summary>
        </member>
        <member name="P:CaptchaSharp.Models.CaptchaTask.Completed">
            <summary></summary>
        </member>
        <member name="M:CaptchaSharp.Models.CaptchaTask.#ctor(System.String,CaptchaSharp.Enums.CaptchaType)">
            <summary></summary>
        </member>
        <member name="M:CaptchaSharp.Models.CaptchaTask.#ctor(System.Int64,CaptchaSharp.Enums.CaptchaType)">
            <summary></summary>
        </member>
        <member name="T:CaptchaSharp.Models.CapyResponse">
            <summary>The solution of a Capy captcha.</summary>
        </member>
        <member name="P:CaptchaSharp.Models.CapyResponse.CaptchaKey">
            <summary></summary>
        </member>
        <member name="P:CaptchaSharp.Models.CapyResponse.ChallengeKey">
            <summary></summary>
        </member>
        <member name="P:CaptchaSharp.Models.CapyResponse.Answer">
            <summary></summary>
        </member>
        <member name="T:CaptchaSharp.Models.GeeTestResponse">
            <summary>The solution of a GeeTest captcha.</summary>
        </member>
        <member name="P:CaptchaSharp.Models.GeeTestResponse.Challenge">
            <summary></summary>
        </member>
        <member name="P:CaptchaSharp.Models.GeeTestResponse.Validate">
            <summary></summary>
        </member>
        <member name="P:CaptchaSharp.Models.GeeTestResponse.SecCode">
            <summary></summary>
        </member>
        <member name="T:CaptchaSharp.Models.ImageCaptchaOptions">
            <summary>Provides additional options for an image based captcha task.</summary>
        </member>
        <member name="P:CaptchaSharp.Models.ImageCaptchaOptions.IsPhrase">
            <summary>Whether the captcha is made of multiple words.</summary>
        </member>
        <member name="P:CaptchaSharp.Models.ImageCaptchaOptions.CaseSensitive">
            <summary>Whether the captcha should be solved as case sensitive.</summary>
        </member>
        <member name="P:CaptchaSharp.Models.ImageCaptchaOptions.CharacterSet">
            <summary>The set of allowed characters.</summary>
        </member>
        <member name="P:CaptchaSharp.Models.ImageCaptchaOptions.RequiresCalculation">
            <summary>Whether the captcha includes mathematical calculations.</summary>
        </member>
        <member name="P:CaptchaSharp.Models.ImageCaptchaOptions.MinLength">
            <summary>The minimum possible length of the text.</summary>
        </member>
        <member name="P:CaptchaSharp.Models.ImageCaptchaOptions.MaxLength">
            <summary>The maximum possible length of the text.</summary>
        </member>
        <member name="P:CaptchaSharp.Models.ImageCaptchaOptions.CaptchaLanguageGroup">
            <summary>The language group of the text.</summary>
        </member>
        <member name="P:CaptchaSharp.Models.ImageCaptchaOptions.CaptchaLanguage">
            <summary>The language of the text.</summary>
        </member>
        <member name="P:CaptchaSharp.Models.ImageCaptchaOptions.TextInstructions">
            <summary>Any additional text instruction (e.g. type the characters in red).</summary>
        </member>
        <member name="T:CaptchaSharp.Models.Proxy">
            <summary>A generic proxy class.</summary>
        </member>
        <member name="P:CaptchaSharp.Models.Proxy.Host">
            <summary></summary>
        </member>
        <member name="P:CaptchaSharp.Models.Proxy.Port">
            <summary></summary>
        </member>
        <member name="P:CaptchaSharp.Models.Proxy.Type">
            <summary></summary>
        </member>
        <member name="P:CaptchaSharp.Models.Proxy.Username">
            <summary></summary>
        </member>
        <member name="P:CaptchaSharp.Models.Proxy.Password">
            <summary></summary>
        </member>
        <member name="P:CaptchaSharp.Models.Proxy.UserAgent">
            <summary>The User-Agent header to be used in requests.</summary>
        </member>
        <member name="P:CaptchaSharp.Models.Proxy.Cookies">
            <summary>The cookies needed to get to the page where the captcha is shown.</summary>
        </member>
        <member name="P:CaptchaSharp.Models.Proxy.RequiresAuthentication">
            <summary>Whether the proxy requires authentication.</summary>
        </member>
        <member name="M:CaptchaSharp.Models.Proxy.#ctor">
            <summary></summary>
        </member>
        <member name="M:CaptchaSharp.Models.Proxy.#ctor(System.String,System.Int32,CaptchaSharp.Enums.ProxyType,System.String,System.String)">
            <summary></summary>
        </member>
        <member name="T:CaptchaSharp.Models.StringPairCollection">
            <summary>A collection of string pairs.</summary>
        </member>
        <member name="M:CaptchaSharp.Models.StringPairCollection.Add(System.String,System.String,System.Boolean)">
            <summary>Adds a new pair to the collection if <paramref name="addCondition"/> is true.</summary>
        </member>
        <member name="M:CaptchaSharp.Models.StringPairCollection.Add``2(``0,``1,System.Boolean)">
            <summary>Adds a new pair to the collection if <paramref name="addCondition"/> is true by 
            calling the ToString() method on <paramref name="first"/> and <paramref name="second"/>.</summary>
        </member>
        <member name="M:CaptchaSharp.Models.StringPairCollection.Add(System.Collections.Generic.IEnumerable{System.ValueTuple{System.String,System.String}})">
            <summary>Adds multiple new pairs to the collection.</summary>
        </member>
        <member name="M:CaptchaSharp.Models.StringPairCollection.ToHttpQueryString">
            <summary>Outputs a string like <c>name1=value1&amp;name2=value2</c></summary>
        </member>
        <member name="M:CaptchaSharp.Models.StringPairCollection.ToMultipartFormDataContent">
            <summary>Outputs a new <see cref="T:System.Net.Http.MultipartFormDataContent"/> where each pair 
            of the collection becomes a <see cref="T:System.Net.Http.StringContent"/>.</summary>
        </member>
        <member name="T:CaptchaSharp.Models.StringResponse">
            <summary>A captcha response with a string solution.</summary>
        </member>
        <member name="P:CaptchaSharp.Models.StringResponse.Response">
            <summary>The plaintext response string.</summary>
        </member>
        <member name="T:CaptchaSharp.Models.TextCaptchaOptions">
            <summary>Provides additional options for a text based captcha task.</summary>
        </member>
        <member name="P:CaptchaSharp.Models.TextCaptchaOptions.CaptchaLanguageGroup">
            <summary>The language group of the text.</summary>
        </member>
        <member name="P:CaptchaSharp.Models.TextCaptchaOptions.CaptchaLanguage">
            <summary>The language of the text.</summary>
        </member>
        <member name="T:CaptchaSharp.Services.AntiCaptchaService">
            <summary>The service provided by <c>https://anti-captcha.com/</c></summary>
        </member>
        <member name="P:CaptchaSharp.Services.AntiCaptchaService.ApiKey">
            <summary>Your secret api key.</summary>
        </member>
        <member name="F:CaptchaSharp.Services.AntiCaptchaService.httpClient">
            <summary>The default <see cref="T:System.Net.Http.HttpClient"/> used for requests.</summary>
        </member>
        <member name="P:CaptchaSharp.Services.AntiCaptchaService.SoftId">
            <summary>The ID of the software developer.</summary>
        </member>
        <member name="M:CaptchaSharp.Services.AntiCaptchaService.#ctor(System.String,System.Net.Http.HttpClient)">
            <summary>Initializes a <see cref="T:CaptchaSharp.Services.AntiCaptchaService"/> using the given <paramref name="apiKey"/> and 
            <paramref name="httpClient"/>. If <paramref name="httpClient"/> is null, a default one will be created.</summary>
        </member>
        <member name="M:CaptchaSharp.Services.AntiCaptchaService.GetBalanceAsync(System.Threading.CancellationToken)">
            <inheritdoc/>
        </member>
        <member name="M:CaptchaSharp.Services.AntiCaptchaService.SolveImageCaptchaAsync(System.String,CaptchaSharp.Models.ImageCaptchaOptions,System.Threading.CancellationToken)">
            <inheritdoc/>
        </member>
        <member name="M:CaptchaSharp.Services.AntiCaptchaService.SolveRecaptchaV2Async(System.String,System.String,System.String,System.Boolean,System.Boolean,CaptchaSharp.Models.Proxy,System.Threading.CancellationToken)">
            <inheritdoc/>
        </member>
        <member name="M:CaptchaSharp.Services.AntiCaptchaService.SolveRecaptchaV3Async(System.String,System.String,System.String,System.Single,System.Boolean,CaptchaSharp.Models.Proxy,System.Threading.CancellationToken)">
            <inheritdoc/>
        </member>
        <member name="M:CaptchaSharp.Services.AntiCaptchaService.SolveFuncaptchaAsync(System.String,System.String,System.String,System.Boolean,CaptchaSharp.Models.Proxy,System.Threading.CancellationToken)">
            <inheritdoc/>
        </member>
        <member name="M:CaptchaSharp.Services.AntiCaptchaService.SolveHCaptchaAsync(System.String,System.String,CaptchaSharp.Models.Proxy,System.Threading.CancellationToken)">
            <inheritdoc/>
        </member>
        <member name="M:CaptchaSharp.Services.AntiCaptchaService.SolveGeeTestAsync(System.String,System.String,System.String,System.String,CaptchaSharp.Models.Proxy,System.Threading.CancellationToken)">
            <inheritdoc/>
        </member>
        <member name="M:CaptchaSharp.Services.AntiCaptchaService.CheckResult(CaptchaSharp.Models.CaptchaTask,System.Threading.CancellationToken)">
            <inheritdoc/>
        </member>
        <member name="M:CaptchaSharp.Services.AntiCaptchaService.ReportSolution(System.Int64,CaptchaSharp.Enums.CaptchaType,System.Boolean,System.Threading.CancellationToken)">
            <inheritdoc/>
        </member>
        <member name="P:CaptchaSharp.Services.AntiCaptchaService.Capabilities">
            <inheritdoc/>
        </member>
        <member name="T:CaptchaSharp.Services.CapMonsterService">
            <summary>The service provided by the CapMonster OCR application by ZennoLab.</summary>
        </member>
        <member name="M:CaptchaSharp.Services.CapMonsterService.#ctor(System.String,System.Uri,System.Net.Http.HttpClient)">
            <summary>Initializes a <see cref="T:CaptchaSharp.Services.CapMonsterService"/> using the given <paramref name="apiKey"/>, 
            <paramref name="baseUri"/> and <paramref name="httpClient"/>.
            If <paramref name="httpClient"/> is null, a default one will be created.</summary>
        </member>
        <member name="M:CaptchaSharp.Services.CapMonsterService.SolveImageCaptchaAsync(System.String,CaptchaSharp.Models.ImageCaptchaOptions,System.Threading.CancellationToken)">
            <inheritdoc/>
        </member>
        <member name="T:CaptchaSharp.Services.CustomAntiCaptchaService">
            <summary>The service provided by a service that implements the anti-captcha API.</summary>
        </member>
        <member name="M:CaptchaSharp.Services.CustomAntiCaptchaService.#ctor(System.String,System.Uri,System.Net.Http.HttpClient)">
            <summary>Initializes a <see cref="T:CaptchaSharp.Services.CustomAntiCaptchaService"/> using the given <paramref name="apiKey"/>, 
            <paramref name="baseUri"/> and <paramref name="httpClient"/>.
            If <paramref name="httpClient"/> is null, a default one will be created.
            </summary>
        </member>
        <member name="M:CaptchaSharp.Services.CustomAntiCaptchaService.SetupHttpClient(System.Uri)">
            <summary>Sets anti-captcha.com as host and <paramref name="baseUri"/> as <see cref="P:System.Net.Http.HttpClient.BaseAddress"/> 
            for the <see cref="T:System.Net.Http.HttpClient"/> requests.</summary>
        </member>
        <member name="P:CaptchaSharp.Services.CustomAntiCaptchaService.SupportedCaptchaTypes">
            <summary>The supported captcha types for this service.</summary>
        </member>
        <member name="T:CaptchaSharp.Services.CustomTwoCaptchaService">
            <summary>The service provided by a service that implements the 2captcha API.</summary>
        </member>
        <member name="M:CaptchaSharp.Services.CustomTwoCaptchaService.#ctor(System.String,System.Uri,System.Net.Http.HttpClient,System.Boolean)">
            <summary>Initializes a <see cref="T:CaptchaSharp.Services.CustomTwoCaptchaService"/> using the given <paramref name="apiKey"/>, 
            <paramref name="baseUri"/> and <paramref name="httpClient"/>.
            If <paramref name="httpClient"/> is null, a default one will be created.
            If <paramref name="overrideHostHeader"/> is true, the Host header will be changed to 2captcha.com</summary>
        </member>
        <member name="M:CaptchaSharp.Services.CustomTwoCaptchaService.SetupHttpClient(System.Uri,System.Boolean)">
            <summary>Sets 2captcha.com as host and <paramref name="baseUri"/> as <see cref="P:System.Net.Http.HttpClient.BaseAddress"/> 
            for the <see cref="T:System.Net.Http.HttpClient"/> requests.</summary>
        </member>
        <member name="P:CaptchaSharp.Services.CustomTwoCaptchaService.SupportedCaptchaTypes">
            <summary>The supported captcha types for this service.</summary>
        </member>
        <member name="T:CaptchaSharp.Services.DeathByCaptchaService">
            <summary>The service provided by <c>https://www.deathbycaptcha.com/</c></summary>
        </member>
        <member name="P:CaptchaSharp.Services.DeathByCaptchaService.Username">
            <summary>Your DeathByCaptcha account name.</summary>
        </member>
        <member name="P:CaptchaSharp.Services.DeathByCaptchaService.Password">
            <summary>Your DeathByCaptcha account password.</summary>
        </member>
        <member name="F:CaptchaSharp.Services.DeathByCaptchaService.httpClient">
            <summary>The default <see cref="T:System.Net.Http.HttpClient"/> used for requests.</summary>
        </member>
        <member name="M:CaptchaSharp.Services.DeathByCaptchaService.#ctor(System.String,System.String,System.Net.Http.HttpClient)">
            <summary>Initializes a <see cref="T:CaptchaSharp.Services.DeathByCaptchaService"/> using the given account credentials and 
            <paramref name="httpClient"/>. If <paramref name="httpClient"/> is null, a default one will be created.</summary>
        </member>
        <member name="M:CaptchaSharp.Services.DeathByCaptchaService.GetBalanceAsync(System.Threading.CancellationToken)">
            <inheritdoc/>
        </member>
        <member name="M:CaptchaSharp.Services.DeathByCaptchaService.SolveImageCaptchaAsync(System.String,CaptchaSharp.Models.ImageCaptchaOptions,System.Threading.CancellationToken)">
            <inheritdoc/>
        </member>
        <member name="M:CaptchaSharp.Services.DeathByCaptchaService.SolveRecaptchaV2Async(System.String,System.String,System.String,System.Boolean,System.Boolean,CaptchaSharp.Models.Proxy,System.Threading.CancellationToken)">
            <inheritdoc/>
        </member>
        <member name="M:CaptchaSharp.Services.DeathByCaptchaService.SolveRecaptchaV3Async(System.String,System.String,System.String,System.Single,System.Boolean,CaptchaSharp.Models.Proxy,System.Threading.CancellationToken)">
            <inheritdoc/>
        </member>
        <member name="M:CaptchaSharp.Services.DeathByCaptchaService.SolveFuncaptchaAsync(System.String,System.String,System.String,System.Boolean,CaptchaSharp.Models.Proxy,System.Threading.CancellationToken)">
            <inheritdoc/>
        </member>
        <member name="M:CaptchaSharp.Services.DeathByCaptchaService.CheckResult(CaptchaSharp.Models.CaptchaTask,System.Threading.CancellationToken)">
            <inheritdoc/>
        </member>
        <member name="M:CaptchaSharp.Services.DeathByCaptchaService.ReportSolution(System.Int64,CaptchaSharp.Enums.CaptchaType,System.Boolean,System.Threading.CancellationToken)">
            <inheritdoc/>
        </member>
        <member name="T:CaptchaSharp.Services.DeCaptcherService">
            <summary>The service provided by <c>https://de-captcher.com/</c></summary>
        </member>
        <member name="P:CaptchaSharp.Services.DeCaptcherService.Username">
            <summary>Your DeCaptcher account name.</summary>
        </member>
        <member name="P:CaptchaSharp.Services.DeCaptcherService.Password">
            <summary>Your DeCaptcher account password.</summary>
        </member>
        <member name="F:CaptchaSharp.Services.DeCaptcherService.httpClient">
            <summary>The default <see cref="T:System.Net.Http.HttpClient"/> used for requests.</summary>
        </member>
        <member name="M:CaptchaSharp.Services.DeCaptcherService.#ctor(System.String,System.String,System.Net.Http.HttpClient)">
            <summary>Initializes a <see cref="T:CaptchaSharp.Services.DeCaptcherService"/> using the given account credentials and 
            <paramref name="httpClient"/>. If <paramref name="httpClient"/> is null, a default one will be created.</summary>
        </member>
        <member name="M:CaptchaSharp.Services.DeCaptcherService.GetBalanceAsync(System.Threading.CancellationToken)">
            <inheritdoc/>
        </member>
        <member name="M:CaptchaSharp.Services.DeCaptcherService.SolveTextCaptchaAsync(System.String,CaptchaSharp.Models.TextCaptchaOptions,System.Threading.CancellationToken)">
            <inheritdoc/>
        </member>
        <member name="M:CaptchaSharp.Services.DeCaptcherService.SolveImageCaptchaAsync(System.String,CaptchaSharp.Models.ImageCaptchaOptions,System.Threading.CancellationToken)">
            <inheritdoc/>
        </member>
        <member name="M:CaptchaSharp.Services.DeCaptcherService.SolveRecaptchaV2Async(System.String,System.String,System.String,System.Boolean,System.Boolean,CaptchaSharp.Models.Proxy,System.Threading.CancellationToken)">
            <inheritdoc/>
        </member>
        <member name="M:CaptchaSharp.Services.DeCaptcherService.ReportSolution(System.Int64,CaptchaSharp.Enums.CaptchaType,System.Boolean,System.Threading.CancellationToken)">
            <inheritdoc/>
        </member>
        <member name="T:CaptchaSharp.Services.ImageTyperzService">
            <summary>The service provided by <c>https://www.imagetyperz.com/</c></summary>
        </member>
        <member name="P:CaptchaSharp.Services.ImageTyperzService.ApiKey">
            <summary>Your secret api key.</summary>
        </member>
        <member name="F:CaptchaSharp.Services.ImageTyperzService.httpClient">
            <summary>The default <see cref="T:System.Net.Http.HttpClient"/> used for requests.</summary>
        </member>
        <member name="P:CaptchaSharp.Services.ImageTyperzService.AffiliateId">
            <summary>The ID of the software developer.</summary>
        </member>
        <member name="M:CaptchaSharp.Services.ImageTyperzService.#ctor(System.String,System.Net.Http.HttpClient)">
            <summary>Initializes a <see cref="T:CaptchaSharp.Services.ImageTyperzService"/> using the given <paramref name="apiKey"/> and 
            <paramref name="httpClient"/>. If <paramref name="httpClient"/> is null, a default one will be created.</summary>
        </member>
        <member name="M:CaptchaSharp.Services.ImageTyperzService.GetBalanceAsync(System.Threading.CancellationToken)">
            <inheritdoc/>
        </member>
        <member name="M:CaptchaSharp.Services.ImageTyperzService.SolveImageCaptchaAsync(System.String,CaptchaSharp.Models.ImageCaptchaOptions,System.Threading.CancellationToken)">
            <inheritdoc/>
        </member>
        <member name="M:CaptchaSharp.Services.ImageTyperzService.SolveRecaptchaV2Async(System.String,System.String,System.String,System.Boolean,System.Boolean,CaptchaSharp.Models.Proxy,System.Threading.CancellationToken)">
            <inheritdoc/>
        </member>
        <member name="M:CaptchaSharp.Services.ImageTyperzService.SolveRecaptchaV3Async(System.String,System.String,System.String,System.Single,System.Boolean,CaptchaSharp.Models.Proxy,System.Threading.CancellationToken)">
            <inheritdoc/>
        </member>
        <member name="M:CaptchaSharp.Services.ImageTyperzService.SolveHCaptchaAsync(System.String,System.String,CaptchaSharp.Models.Proxy,System.Threading.CancellationToken)">
            <inheritdoc/>
        </member>
        <member name="M:CaptchaSharp.Services.ImageTyperzService.SolveGeeTestAsync(System.String,System.String,System.String,System.String,CaptchaSharp.Models.Proxy,System.Threading.CancellationToken)">
            <inheritdoc/>
        </member>
        <member name="M:CaptchaSharp.Services.ImageTyperzService.SolveCapyAsync(System.String,System.String,CaptchaSharp.Models.Proxy,System.Threading.CancellationToken)">
            <inheritdoc/>
        </member>
        <member name="M:CaptchaSharp.Services.ImageTyperzService.CheckResult(CaptchaSharp.Models.CaptchaTask,System.Threading.CancellationToken)">
            <inheritdoc/>
        </member>
        <member name="M:CaptchaSharp.Services.ImageTyperzService.ReportSolution(System.Int64,CaptchaSharp.Enums.CaptchaType,System.Boolean,System.Threading.CancellationToken)">
            <inheritdoc/>
        </member>
        <member name="P:CaptchaSharp.Services.ImageTyperzService.Capabilities">
            <inheritdoc/>
        </member>
        <member name="T:CaptchaSharp.Services.NineKWService">
            <summary>The service provided by <c>https://www.9kw.eu/</c></summary>
        </member>
        <member name="P:CaptchaSharp.Services.NineKWService.ApiKey">
            <summary>Your secret api key.</summary>
        </member>
        <member name="F:CaptchaSharp.Services.NineKWService.httpClient">
            <summary>The default <see cref="T:System.Net.Http.HttpClient"/> used for requests.</summary>
        </member>
        <member name="M:CaptchaSharp.Services.NineKWService.#ctor(System.String,System.Net.Http.HttpClient)">
            <summary>Initializes a <see cref="T:CaptchaSharp.Services.ImageTyperzService"/> using the given <paramref name="apiKey"/> and 
            <paramref name="httpClient"/>. If <paramref name="httpClient"/> is null, a default one will be created.</summary>
        </member>
        <member name="M:CaptchaSharp.Services.NineKWService.GetBalanceAsync(System.Threading.CancellationToken)">
            <inheritdoc/>
        </member>
        <member name="M:CaptchaSharp.Services.NineKWService.SolveTextCaptchaAsync(System.String,CaptchaSharp.Models.TextCaptchaOptions,System.Threading.CancellationToken)">
            <inheritdoc/>
        </member>
        <member name="M:CaptchaSharp.Services.NineKWService.SolveImageCaptchaAsync(System.String,CaptchaSharp.Models.ImageCaptchaOptions,System.Threading.CancellationToken)">
            <inheritdoc/>
        </member>
        <member name="M:CaptchaSharp.Services.NineKWService.SolveRecaptchaV2Async(System.String,System.String,System.String,System.Boolean,System.Boolean,CaptchaSharp.Models.Proxy,System.Threading.CancellationToken)">
            <inheritdoc/>
        </member>
        <member name="M:CaptchaSharp.Services.NineKWService.SolveRecaptchaV3Async(System.String,System.String,System.String,System.Single,System.Boolean,CaptchaSharp.Models.Proxy,System.Threading.CancellationToken)">
            <inheritdoc/>
        </member>
        <member name="M:CaptchaSharp.Services.NineKWService.SolveFuncaptchaAsync(System.String,System.String,System.String,System.Boolean,CaptchaSharp.Models.Proxy,System.Threading.CancellationToken)">
            <inheritdoc/>
        </member>
        <member name="M:CaptchaSharp.Services.NineKWService.SolveHCaptchaAsync(System.String,System.String,CaptchaSharp.Models.Proxy,System.Threading.CancellationToken)">
            <inheritdoc/>
        </member>
        <member name="M:CaptchaSharp.Services.NineKWService.CheckResult(CaptchaSharp.Models.CaptchaTask,System.Threading.CancellationToken)">
            <inheritdoc/>
        </member>
        <member name="M:CaptchaSharp.Services.NineKWService.ReportSolution(System.Int64,CaptchaSharp.Enums.CaptchaType,System.Boolean,System.Threading.CancellationToken)">
            <inheritdoc/>
        </member>
        <member name="M:CaptchaSharp.Services.NineKWService.ConvertProxy(CaptchaSharp.Models.Proxy)">
            <summary></summary>
        </member>
        <member name="P:CaptchaSharp.Services.NineKWService.Capabilities">
            <inheritdoc/>
        </member>
        <member name="M:CaptchaSharp.Services.NineKWService.ConvertCapabilities(CaptchaSharp.Models.ImageCaptchaOptions)">
            <summary></summary>
        </member>
        <member name="T:CaptchaSharp.Services.TwoCaptchaService">
            <summary>The service provided by <c>https://2captcha.com/</c></summary>
        </member>
        <member name="P:CaptchaSharp.Services.TwoCaptchaService.ApiKey">
            <summary>Your secret api key.</summary>
        </member>
        <member name="F:CaptchaSharp.Services.TwoCaptchaService.httpClient">
            <summary>The default <see cref="T:System.Net.Http.HttpClient"/> used for requests.</summary>
        </member>
        <member name="P:CaptchaSharp.Services.TwoCaptchaService.UseJsonFlag">
            <summary>Set it to false if the service does not support json responses.</summary>
        </member>
        <member name="P:CaptchaSharp.Services.TwoCaptchaService.AddACAOHeader">
            <summary>Will include an Access-Control-Allow-Origin:* header in the response for 
            cross-domain AJAX requests in web applications.</summary>
        </member>
        <member name="P:CaptchaSharp.Services.TwoCaptchaService.SoftId">
            <summary>The ID of the software developer.</summary>
        </member>
        <member name="M:CaptchaSharp.Services.TwoCaptchaService.#ctor(System.String,System.Net.Http.HttpClient)">
            <summary>Initializes a <see cref="T:CaptchaSharp.Services.TwoCaptchaService"/> using the given <paramref name="apiKey"/> and 
            <paramref name="httpClient"/>. If <paramref name="httpClient"/> is null, a default one will be created.</summary>
        </member>
        <member name="M:CaptchaSharp.Services.TwoCaptchaService.GetBalanceAsync(System.Threading.CancellationToken)">
            <inheritdoc/>
        </member>
        <member name="M:CaptchaSharp.Services.TwoCaptchaService.SolveTextCaptchaAsync(System.String,CaptchaSharp.Models.TextCaptchaOptions,System.Threading.CancellationToken)">
            <inheritdoc/>
        </member>
        <member name="M:CaptchaSharp.Services.TwoCaptchaService.SolveImageCaptchaAsync(System.String,CaptchaSharp.Models.ImageCaptchaOptions,System.Threading.CancellationToken)">
            <inheritdoc/>
        </member>
        <member name="M:CaptchaSharp.Services.TwoCaptchaService.SolveRecaptchaV2Async(System.String,System.String,System.String,System.Boolean,System.Boolean,CaptchaSharp.Models.Proxy,System.Threading.CancellationToken)">
            <inheritdoc/>
        </member>
        <member name="M:CaptchaSharp.Services.TwoCaptchaService.SolveRecaptchaV3Async(System.String,System.String,System.String,System.Single,System.Boolean,CaptchaSharp.Models.Proxy,System.Threading.CancellationToken)">
            <inheritdoc/>
        </member>
        <member name="M:CaptchaSharp.Services.TwoCaptchaService.SolveFuncaptchaAsync(System.String,System.String,System.String,System.Boolean,CaptchaSharp.Models.Proxy,System.Threading.CancellationToken)">
            <inheritdoc/>
        </member>
        <member name="M:CaptchaSharp.Services.TwoCaptchaService.SolveHCaptchaAsync(System.String,System.String,CaptchaSharp.Models.Proxy,System.Threading.CancellationToken)">
            <inheritdoc/>
        </member>
        <member name="M:CaptchaSharp.Services.TwoCaptchaService.SolveKeyCaptchaAsync(System.String,System.String,System.String,System.String,System.String,CaptchaSharp.Models.Proxy,System.Threading.CancellationToken)">
            <inheritdoc/>
        </member>
        <member name="M:CaptchaSharp.Services.TwoCaptchaService.SolveGeeTestAsync(System.String,System.String,System.String,System.String,CaptchaSharp.Models.Proxy,System.Threading.CancellationToken)">
            <inheritdoc/>
        </member>
        <member name="M:CaptchaSharp.Services.TwoCaptchaService.SolveCapyAsync(System.String,System.String,CaptchaSharp.Models.Proxy,System.Threading.CancellationToken)">
            <inheritdoc/>
        </member>
        <member name="M:CaptchaSharp.Services.TwoCaptchaService.CheckResult(CaptchaSharp.Models.CaptchaTask,System.Threading.CancellationToken)">
            <summary></summary>
        </member>
        <member name="M:CaptchaSharp.Services.TwoCaptchaService.ReportSolution(System.Int64,CaptchaSharp.Enums.CaptchaType,System.Boolean,System.Threading.CancellationToken)">
            <inheritdoc/>
        </member>
        <member name="M:CaptchaSharp.Services.TwoCaptchaService.ConvertProxy(CaptchaSharp.Models.Proxy)">
            <summary></summary>
        </member>
        <member name="M:CaptchaSharp.Services.TwoCaptchaService.IsErrorCode(System.String)">
            <summary>For non-json response.</summary>
        </member>
        <member name="M:CaptchaSharp.Services.TwoCaptchaService.TakeSecondSlice(System.String)">
            <summary>For non-json response.</summary>
        </member>
        <member name="P:CaptchaSharp.Services.TwoCaptchaService.Capabilities">
            <inheritdoc/>
        </member>
        <member name="M:CaptchaSharp.Services.TwoCaptchaService.ConvertCapabilities(CaptchaSharp.Models.TextCaptchaOptions)">
            <summary></summary>
        </member>
        <member name="M:CaptchaSharp.Services.TwoCaptchaService.ConvertCapabilities(CaptchaSharp.Models.ImageCaptchaOptions)">
            <summary></summary>
        </member>
    </members>
</doc>
